Año;Trimestre;Provincia;+ 0 Mbps - 10 Mbps;+ 10 Mbps - 20 Mbps;+ 20 Mbps - 30 Mbps;+ 30 Mbps;OTROS;Total;Accesos por cada 100 hab;Accesos por cada 100 hogares;Mbps (Media de bajada)
2021;4;Buenos Aires;733089;297296;196021;3259793;22958.0;4509157;25;75.66;60
2021;4;Capital Federal;131290;66135;66755;1147939;0.0;1412119;46;111.27;83
2021;4;Catamarca;13964;9804;3262;29827;2233.0;59090;14;55.25;46
2021;4;Chaco;42096;21937;13692;58435;7585.0;143745;12;44.05;42
2021;4;Chubut;104686;31175;5780;2904;15763.0;160308;25;82.57;9
2021;4;Córdoba;318019;76246;41198;538700;12607.0;986770;26;84.51;46
2021;4;Corrientes;55910;22922;10087;39911;7082.0;135912;12;45.51;36
2021;4;Entre Ríos;108810;38295;24068;77290;16583.0;265046;19;63.16;33
2021;4;Formosa;29975;6811;1135;13775;1967.0;53663;9;34.45;29
2021;4;Jujuy;39472;38134;564;33421;2324.0;113915;15;56.92;27
2021;4;La Pampa;74716;12259;4821;12184;3027.0;107007;30;89.57;14
2021;4;La Rioja;10474;23559;5671;43424;0.0;83128;21;77.92;40
2021;4;Mendoza;98355;75214;18621;75031;366.0;267587;13;47.51;22
2021;4;Misiones;65526;26721;15954;54596;8335.0;171132;13;49.06;39
2021;4;Neuquén;56657;10515;3310;69217;7767.0;147466;22;73.3;40
2021;4;Río Negro;59581;31255;4130;36142;22645.0;153753;20;65.69;27
2021;4;Salta;110131;6642;3535;72622;6475.0;199405;14;56.81;34
2021;4;San Juan;41347;23978;398;9800;4435.0;79958;10;39.59;11
2021;4;San Luis;13152;9107;67363;9;29218.0;118849;23;80.3;21
2021;4;Santa Cruz;32295;13054;1770;876;491.0;48486;13;43.05;9
2021;4;Santa Fe;377610;85690;62349;322015;18777.0;866441;24;77.09;36
2021;4;Santiago Del Estero;94526;12205;800;7537;793.0;115861;12;47.05;14
2021;4;Tierra Del Fuego;30450;16562;1748;1017;2580.0;52357;29;98.4;11
2021;4;Tucumán;86193;21023;5326;125857;240.0;238639;14;55.93;45
2021;3;Buenos Aires;1425435;141383;192797;2482266;9728.0;4251609;24;71.68;56
2021;3;Capital Federal;224889;39785;73502;1075229;0.0;1413405;46;111.27;78
2021;3;Catamarca;15254;10517;1659;26618;2206.0;56254;13;52.71;43
2021;3;Chaco;43944;23852;14412;49705;7958.0;139871;11;42.96;39
2021;3;Chubut;115658;18538;5320;1643;14907.0;156066;25;80.71;8
2021;3;Córdoba;348825;65050;47198;476459;9256.0;946788;25;81.28;42
2021;3;Corrientes;58819;24792;9687;35468;5053.0;133819;12;44.9;32
2021;3;Entre Ríos;124261;39114;16284;67961;12755.0;260375;19;62.18;30
2021;3;Formosa;30301;6978;1192;12707;1617.0;52795;9;33.96;27
2021;3;Jujuy;40524;37755;561;29917;2401.0;111158;14;55.69;26
2021;3;La Pampa;73069;8737;4023;10506;4152.0;100487;28;84.28;13
2021;3;La Rioja;11364;23315;4868;42613;0.0;82160;21;77.26;39
2021;3;Mendoza;164578;62628;7596;21087;50.0;255939;13;45.55;13
2021;3;Misiones;67087;26079;14792;42291;8279.0;158528;12;45.57;31
2021;3;Neuquén;66446;6234;3631;57919;5579.0;139809;21;69.71;38
2021;3;Río Negro;73403;14880;2282;34011;20009.0;144585;19;61.97;25
2021;3;Salta;111656;6962;3878;67010;6327.0;195833;14;55.96;31
2021;3;San Juan;60976;13250;338;278;4641.0;79483;10;39.46;7
2021;3;San Luis;14017;6491;67942;22;29392.0;117864;23;79.87;22
2021;3;Santa Cruz;38976;6799;1788;678;735.0;48976;13;43.75;8
2021;3;Santa Fe;395503;83941;55080;290793;16267.0;841584;24;75.02;33
2021;3;Santiago Del Estero;95622;11274;801;6863;898.0;115458;12;47.0;13
2021;3;Tierra Del Fuego;37137;9782;1433;976;895.0;50223;28;94.95;10
2021;3;Tucumán;89868;21986;5300;115154;164.0;232472;14;54.64;42
2021;2;Buenos Aires;1408420;140322;236897;2337604;9108.0;4132351;23;70.0;53
2021;2;Capital Federal;232023;43859;86655;1037752;66.0;1400355;45;110.14;73
2021;2;Catamarca;16381;6828;4941;25388;2206.0;55744;13;52.34;42
2021;2;Chaco;45431;24032;16069;47239;7958.0;140729;12;43.33;37
2021;2;Chubut;112453;16604;3896;1112;5172.0;139237;22;72.29;8
2021;2;Córdoba;340824;66950;70824;442357;9925.0;930880;25;80.12;40
2021;2;Corrientes;57168;24524;10059;32697;5053.0;129501;11;43.54;30
2021;2;Entre Ríos;121998;39468;18484;61605;16077.0;257632;18;61.66;28
2021;2;Formosa;30055;7460;1341;11077;1618.0;51551;8;33.23;24
2021;2;Jujuy;40982;37908;607;29950;2401.0;111848;14;56.18;26
2021;2;La Pampa;72767;8128;3399;9311;4062.0;97667;27;82.08;12
2021;2;La Rioja;11302;23298;4825;42158;19.0;81602;20;76.98;39
2021;2;Mendoza;148415;56117;4403;20686;50.0;229671;11;40.97;13
2021;2;Misiones;67606;25811;16172;38308;8279.0;156176;12;45.01;29
2021;2;Neuquén;66783;5871;5943;54008;5645.0;138250;21;69.14;36
2021;2;Río Negro;73701;15019;3867;31488;20009.0;144084;19;61.94;24
2021;2;Salta;109676;7099;9654;58882;6328.0;191639;13;54.93;29
2021;2;San Juan;61124;12550;340;278;4641.0;78933;10;39.28;7
2021;2;San Luis;14515;5418;65946;22;36917.0;122818;24;83.48;22
2021;2;Santa Cruz;39108;6888;1575;676;735.0;48982;13;44.01;8
2021;2;Santa Fe;407458;80452;75195;262124;15371.0;840600;24;75.07;31
2021;2;Santiago Del Estero;95290;10359;811;6064;1566.0;114090;12;46.56;13
2021;2;Tierra Del Fuego;28265;4580;476;889;1483.0;35693;20;67.89;9
2021;2;Tucumán;92001;23732;5022;109616;2680.0;233051;14;54.93;40
2021;1;Buenos Aires;1417014;163747;222061;2246313;10867.0;4060002;23;69.11;51
2021;1;Capital Federal;236794;56457;83255;1003041;126.0;1379673;45;108.42;68
2021;1;Catamarca;15949;10115;712;22996;2196.0;51968;12;48.9;40
2021;1;Chaco;46872;27556;14496;42462;8384.0;139770;12;43.14;34
2021;1;Chubut;108602;15392;2844;1112;4390.0;132340;21;68.99;8
2021;1;Córdoba;349370;74659;71984;402191;12677.0;910881;24;78.59;36
2021;1;Corrientes;58361;26169;9001;27641;5453.0;126625;11;42.66;26
2021;1;Entre Ríos;126331;42432;15774;54600;12826.0;251963;18;60.44;24
2021;1;Formosa;30034;7916;1215;9579;1942.0;50686;8;32.73;21
2021;1;Jujuy;41252;40649;568;25609;2378.0;110456;14;55.63;27
2021;1;La Pampa;76916;7611;2786;7368;2424.0;97105;27;81.78;11
2021;1;La Rioja;42736;4604;215;5074;-1.0;52628;13;49.81;13
2021;1;Mendoza;145670;52533;4061;16615;44.0;218923;11;39.15;13
2021;1;Misiones;67027;27101;14050;32953;8256.0;149387;12;43.17;25
2021;1;Neuquén;65057;5903;5677;50840;5758.0;133235;20;66.84;34
2021;1;Río Negro;74789;13045;3642;29589;20103.0;141168;19;60.88;22
2021;1;Salta;109063;9164;8139;54889;6319.0;187574;13;53.93;27
2021;1;San Juan;61516;11494;340;276;4641.0;78267;10;39.06;7
2021;1;San Luis;14873;4429;62913;22;36917.0;119154;23;81.24;22
2021;1;Santa Cruz;39039;6987;1337;647;-1945.0;46065;12;41.65;8
2021;1;Santa Fe;407499;91846;65476;236924;24382.0;826127;23;73.92;28
2021;1;Santiago Del Estero;93380;8549;700;4868;4144.0;111641;11;45.67;12
2021;1;Tierra Del Fuego;22864;4317;486;919;11836.0;40422;23;77.35;9
2021;1;Tucumán;96352;25255;4188;103437;2680.0;231912;14;54.82;38
2020;4;Buenos Aires;1420244;214171;213588;2176242;9016.0;4033261;23;68.98;50
2020;4;Capital Federal;238712;60208;80269;1000073;268.0;1379530;45;108.31;67
2020;4;Catamarca;17654;11436;591;20406;2309.0;52396;13;49.41;38
2020;4;Chaco;47674;26802;15701;40949;7965.0;139091;12;43.03;32
2020;4;Chubut;110196;12046;2818;1112;4402.0;130574;21;68.35;7
2020;4;Córdoba;352730;82221;70013;384169;13568.0;902701;24;78.08;35
2020;4;Corrientes;58815;25687;9383;26789;4985.0;125659;11;42.43;25
2020;4;Entre Ríos;122231;40755;16600;53141;14654.0;247381;18;59.47;24
2020;4;Formosa;31202;7181;1197;8946;1680.0;50206;8;32.49;20
2020;4;Jujuy;38382;44930;446;19282;2811.0;105851;14;53.46;25
2020;4;La Pampa;79160;6562;2396;6257;2520.0;96895;27;81.77;10
2020;4;La Rioja;42985;4633;181;4979;0.0;52778;13;50.11;13
2020;4;Mendoza;157552;40396;3378;11557;2570.0;215453;11;38.63;11
2020;4;Misiones;66641;26445;14810;32264;7001.0;147161;12;42.64;25
2020;4;Neuquén;65355;5791;5493;50776;5720.0;133135;20;67.0;34
2020;4;Río Negro;75049;13131;3512;29372;20146.0;141210;19;61.09;22
2020;4;Salta;110895;15188;8291;46697;6319.0;187390;13;54.04;25
2020;4;San Juan;62275;5126;332;275;4588.0;72596;9;36.32;6
2020;4;San Luis;17568;2688;62239;22;36918.0;119435;23;81.68;21
2020;4;Santa Cruz;31602;6634;1033;647;758.0;40674;11;37.0;7
2020;4;Santa Fe;411574;94246;65145;226246;23602.0;820813;23;73.58;27
2020;4;Santiago Del Estero;93140;4666;411;4520;3932.0;106669;11;43.75;11
2020;4;Tierra Del Fuego;28017;3497;488;922;6690.0;39614;23;76.27;8
2020;4;Tucumán;98555;32155;4105;93594;2680.0;231089;14;54.78;36
2020;3;Buenos Aires;1417589;219772;194248;2085815;19853.0;3937277;22;67.66;48
2020;3;Capital Federal;247881;68753;78028;977766;247.0;1372675;45;107.68;64
2020;3;Catamarca;17107;11195;562;18886;2154.0;49904;12;47.16;37
2020;3;Chaco;46734;27546;13751;38729;7194.0;133954;11;41.54;31
2020;3;Chubut;109940;12217;2818;1110;3942.0;130027;21;68.34;7
2020;3;Córdoba;346664;84236;63823;361021;11728.0;867472;23;75.22;34
2020;3;Corrientes;59104;25308;8615;25344;5020.0;123391;11;41.75;24
2020;3;Entre Ríos;121167;40797;14377;49395;15759.0;241495;17;58.19;22
2020;3;Formosa;31137;7125;991;8219;1737.0;49209;8;31.91;18
2020;3;Jujuy;42934;45198;293;15238;3065.0;106728;14;54.04;22
2020;3;La Pampa;75618;5577;2189;6322;4029.0;93735;26;79.26;11
2020;3;La Rioja;43082;4660;124;4748;2.0;52616;13;50.12;12
2020;3;Mendoza;153625;42433;3448;8237;45.0;207788;10;37.35;10
2020;3;Misiones;63815;25942;13663;30987;8779.0;143186;11;41.6;24
2020;3;Neuquén;67569;5975;5449;49439;803.0;129235;19;65.24;31
2020;3;Río Negro;73335;7096;3455;28488;19093.0;131467;18;57.05;21
2020;3;Salta;98159;15990;7928;43773;14996.0;180846;13;52.32;25
2020;3;San Juan;66479;6529;41;128;4150.0;77327;10;38.79;6
2020;3;San Luis;15655;2666;61319;8;36917.0;116565;23;79.96;21
2020;3;Santa Cruz;30969;6730;629;120;833.0;39281;11;35.95;7
2020;3;Santa Fe;414543;92095;58797;210562;27001.0;802998;23;72.12;26
2020;3;Santiago Del Estero;91747;4658;292;3994;4801.0;105492;11;43.38;11
2020;3;Tierra Del Fuego;27519;3726;481;937;6992.0;39655;23;76.81;9
2020;3;Tucumán;100672;33126;3246;84195;2637.0;223876;13;53.23;35
2020;2;Buenos Aires;1439720;233132;188995;1894466;21233.0;3777546;22;65.22;46
2020;2;Capital Federal;261635;79858;80160;935481;687.0;1357821;44;106.41;60
2020;2;Catamarca;17554;10242;426;16578;3176.0;47976;12;45.43;35
2020;2;Chaco;46726;29044;12082;33311;6969.0;128132;11;39.83;28
2020;2;Chubut;92033;10537;1473;614;3999.0;108656;18;57.34;8
2020;2;Córdoba;349508;89530;63216;325243;8971.0;836468;22;72.71;31
2020;2;Corrientes;57686;25844;7898;22418;5020.0;118866;11;40.3;22
2020;2;Entre Ríos;121207;42090;12856;43391;14569.0;234113;17;56.54;20
2020;2;Formosa;31185;6998;961;7475;1313.0;47932;8;31.14;17
2020;2;Jujuy;41304;26829;209;9417;16557.0;94316;12;47.89;16
2020;2;La Pampa;79852;3800;1657;3377;1123.0;89809;25;76.1;8
2020;2;La Rioja;43058;4686;73;4336;2.0;52155;13;49.84;12
2020;2;Mendoza;154790;35274;3248;5422;2450.0;201184;10;36.25;9
2020;2;Misiones;64181;26445;12305;28763;8646.0;140340;11;40.89;23
2020;2;Neuquén;67819;6625;5296;46432;0.0;126172;19;63.9;29
2020;2;Río Negro;74732;7498;3246;26953;17057.0;129486;17;56.37;20
2020;2;Salta;106907;16989;7741;39594;6531.0;177762;12;51.58;23
2020;2;San Juan;60272;4908;40;127;4430.0;69777;9;35.09;6
2020;2;San Luis;15129;1934;60889;8;35992.0;113952;22;78.41;21
2020;2;Santa Cruz;31170;6541;546;119;493.0;38869;11;35.79;7
2020;2;Santa Fe;414455;96575;57236;189473;20193.0;777932;22;70.0;24
2020;2;Santiago Del Estero;92178;5178;247;3328;4516.0;105447;11;43.47;10
2020;2;Tierra Del Fuego;27522;3034;391;796;7446.0;39189;23;76.37;8
2020;2;Tucumán;103714;34184;2246;74377;2635.0;217156;13;51.78;33
2020;1;Buenos Aires;1433472;247977;205780;1802583;28935.0;3718747;21;64.33;45
2020;1;Capital Federal;272481;89665;85899;906009;0.0;1354054;44;105.98;59
2020;1;Catamarca;16444;9558;408;10299;2151.0;38860;10;37.62;29
2020;1;Chaco;44503;29851;10416;28539;6917.0;120226;10;37.48;26
2020;1;Chubut;82810;7756;1240;614;4500.0;96920;16;51.27;7
2020;1;Córdoba;342687;95827;65733;296875;9802.0;810924;22;70.69;29
2020;1;Corrientes;55460;26679;7351;19467;4780.0;113737;10;38.73;21
2020;1;Entre Ríos;123623;41125;11988;39794;13762.0;230292;17;56.12;19
2020;1;Formosa;31730;6564;964;6918;100.0;46276;8;30.23;16
2020;1;Jujuy;43336;26693;166;7349;16545.0;94089;12;46.67;14
2020;1;La Pampa;81043;3029;1342;2113;1618.0;89145;25;75.77;7
2020;1;La Rioja;42389;4640;22;1294;0.0;48345;12;46.35;8
2020;1;Mendoza;152793;17489;2860;3818;0.0;176960;9;33.14;8
2020;1;Misiones;58488;26433;11581;26313;10885.0;133700;11;39.02;22
2020;1;Neuquén;65954;7123;5399;43738;0.0;122214;18;61.85;28
2020;1;Río Negro;72664;7857;3199;25488;17719.0;126927;17;55.12;19
2020;1;Salta;102894;17991;8625;34744;6441.0;170695;12;49.6;21
2020;1;San Juan;61623;1292;40;127;4779.0;67861;8;32.39;6
2020;1;San Luis;15591;525;58258;5;36075.0;110454;22;76.31;21
2020;1;Santa Cruz;32518;5169;529;119;0.0;38335;11;35.97;6
2020;1;Santa Fe;418069;104560;48448;173823;17656.0;762556;22;69.52;22
2020;1;Santiago Del Estero;91882;3737;135;2799;4501.0;103054;11;42.47;10
2020;1;Tierra Del Fuego;28012;1834;196;518;7046.0;37606;23;76.07;7
2020;1;Tucumán;100087;31096;1730;67536;0.0;200449;12;47.85;32
2019;4;Buenos Aires;1500769;247106;452570;1465133;20676.0;3686254;21;64.25;31
2019;4;Capital Federal;287638;110852;205810;753805;0.0;1358105;44;106.25;44
2019;4;Catamarca;17627;9305;804;7477;3098.0;38311;9;36.44;25
2019;4;Chaco;44941;30902;13516;21556;6988.0;117903;10;36.84;23
2019;4;Chubut;82512;7615;1240;614;4121.0;96102;16;51.15;7
2019;4;Córdoba;351155;109330;114111;221742;10350.0;806688;22;70.48;26
2019;4;Corrientes;55747;27367;9981;15744;4995.0;113834;10;38.77;19
2019;4;Entre Ríos;132761;42962;18976;30153;14178.0;239030;17;57.99;17
2019;4;Formosa;32243;6788;1766;5671;243.0;46711;8;30.47;15
2019;4;Jujuy;42607;26764;102;5286;14122.0;88881;12;45.38;13
2019;4;La Pampa;84253;1951;1287;1342;1566.0;90399;25;76.92;7
2019;4;La Rioja;42912;4763;22;1305;0.0;49002;13;47.14;8
2019;4;Mendoza;158849;15237;2165;2628;6901.0;185780;9;33.65;8
2019;4;Misiones;60575;27305;15626;20799;11508.0;135813;11;39.79;20
2019;4;Neuquén;62028;7357;12059;35001;0.0;116445;18;59.36;26
2019;4;Río Negro;74758;8558;6968;19837;17019.0;127140;17;55.71;17
2019;4;Salta;109965;15369;14170;25821;7120.0;172445;12;50.35;19
2019;4;San Juan;62269;1292;40;127;1246.0;64974;8;32.85;6
2019;4;San Luis;16170;525;55216;3;36287.0;108201;21;74.92;21
2019;4;Santa Cruz;36781;2224;7;8;350.0;39370;11;36.71;5
2019;4;Santa Fe;421596;113527;70998;135576;27472.0;769169;22;69.48;21
2019;4;Santiago Del Estero;92261;3756;105;2449;5017.0;103588;11;42.92;10
2019;4;Tierra Del Fuego;28654;1848;139;1962;7789.0;40392;24;79.7;7
2019;4;Tucumán;106616;28916;6405;56707;0.0;198644;12;47.65;30
2019;3;Buenos Aires;1939102;260506;483572;1246209;42294.0;3971683;23;69.36;26
2019;3;Capital Federal;391100;138011;258591;655108;0.0;1442810;47;112.65;39
2019;3;Catamarca;23811;6333;72;15;2151.0;32382;8;30.88;9
2019;3;Chaco;62247;13336;12987;16740;6917.0;112227;10;35.85;20
2019;3;Chubut;76627;7171;1240;614;4500.0;90152;15;47.57;7
2019;3;Córdoba;352709;118486;146247;157546;7353.0;782341;21;68.59;23
2019;3;Corrientes;72466;10348;10388;12674;4780.0;110656;10;38.49;17
2019;3;Entre Ríos;160282;17064;21216;22645;15107.0;236314;17;57.9;15
2019;3;Formosa;32451;7117;2262;4443;100.0;46373;8;30.11;13
2019;3;Jujuy;41874;26835;56;3671;16545.0;88981;11;44.32;12
2019;3;La Pampa;85297;1611;1359;941;1618.0;90826;26;77.45;6
2019;3;La Rioja;43462;4887;22;1307;0.0;49678;13;47.94;8
2019;3;Mendoza;211069;10093;1263;349;0.0;222774;11;40.74;6
2019;3;Misiones;74880;11256;16107;16650;12206.0;131099;11;39.33;18
2019;3;Neuquén;69798;9597;16923;28458;122.0;124898;19;64.14;24
2019;3;Río Negro;91064;9779;10176;15505;17719.0;144243;20;63.42;16
2019;3;Salta;106339;14309;11418;12357;7515.0;151938;11;44.48;15
2019;3;San Juan;70753;1267;41;128;4779.0;76968;9;37.06;6
2019;3;San Luis;23913;467;62242;5;36075.0;122702;24;85.23;20
2019;3;Santa Cruz;36196;1203;27;4;0.0;37430;11;35.63;5
2019;3;Santa Fe;444564;107068;84325;97082;19537.0;752576;22;68.87;18
2019;3;Santiago Del Estero;92597;3612;86;1836;34501.0;132632;14;55.3;9
2019;3;Tierra Del Fuego;36845;1756;82;226;9648.0;48557;29;96.46;7
2019;3;Tucumán;118862;24354;843;20385;0.0;164444;10;39.49;19
2019;2;Buenos Aires;1900664;438663;502275;985767;43438.0;3870807;22;67.85;22
2019;2;Capital Federal;406558;239691;296155;475991;0.0;1418395;46;110.55;30
2019;2;Catamarca;25378;6049;34;10;2151.0;33622;8;32.13;9
2019;2;Chaco;66371;16789;15348;9904;1492.0;109904;9;34.14;16
2019;2;Chubut;83099;1495;74;165;4500.0;89333;14;46.99;6
2019;2;Córdoba;357185;157458;170159;76053;8938.0;769793;21;68.07;18
2019;2;Corrientes;71220;13114;11928;7119;6080.0;109461;10;38.16;14
2019;2;Entre Ríos;158926;23196;24221;10664;17206.0;234213;17;57.48;12
2019;2;Formosa;33370;8384;2639;2258;100.0;46751;8;30.42;11
2019;2;Jujuy;35641;26700;27;2600;21765.0;86733;11;44.51;12
2019;2;La Pampa;84122;1366;1445;629;2661.0;90223;25;77.08;5
2019;2;La Rioja;44136;4857;13;1298;0.0;50304;13;48.7;8
2019;2;Mendoza;210678;10092;1256;234;0.0;222260;11;40.75;6
2019;2;Misiones;75427;15408;18882;8129;12206.0;130052;11;39.15;14
2019;2;Neuquén;69804;17318;21210;14132;422.0;122886;19;63.08;17
2019;2;Río Negro;90305;10291;12407;6907;18519.0;138429;19;61.09;12
2019;2;Salta;97584;16961;14059;6461;7585.0;142650;10;41.89;13
2019;2;San Juan;63325;785;7;4;6119.0;70240;9;35.6;6
2019;2;San Luis;21698;467;57236;5;37977.0;117383;23;81.79;20
2019;2;Santa Cruz;28776;1202;28;4;0.0;30010;9;28.85;6
2019;2;Santa Fe;434048;129741;100131;49865;22323.0;736108;21;67.42;15
2019;2;Santiago Del Estero;86501;3741;108;1205;34501.0;126056;13;52.79;7
2019;2;Tierra Del Fuego;46194;1573;96;32;0.0;47895;28;94.8;6
2019;2;Tucumán;123360;24291;628;18394;0.0;166673;10;40.14;19
2019;1;Buenos Aires;1867284;576428;576859;705769;6369.0;3732709;22;66.24;20
2019;1;Capital Federal;422285;330122;365713;283463;0.0;1401583;46;109.2;25
2019;1;Catamarca;26946;5606;29;7;2151.0;34739;8;32.19;8
2019;1;Chaco;68221;18965;12393;6368;1035.0;106982;9;32.64;13
2019;1;Chubut;81652;787;74;165;0.0;82678;13;43.0;6
2019;1;Córdoba;360250;200681;127965;50716;6806.0;746418;20;65.52;16
2019;1;Corrientes;71444;15498;9688;5029;0.0;101659;9;35.13;12
2019;1;Entre Ríos;166316;28957;18146;7619;12142.0;233180;17;56.79;11
2019;1;Formosa;32519;9027;2099;1654;0.0;45299;8;29.68;10
2019;1;Jujuy;41382;4021;30;1141;37162.0;83736;12;46.41;9
2019;1;La Pampa;83567;1061;1354;405;698.0;87085;25;76.35;5
2019;1;La Rioja;45551;5216;17;869;0.0;51653;13;50.18;7
2019;1;Mendoza;210026;5702;111;140;0.0;215979;11;37.66;6
2019;1;Misiones;77149;19111;16552;5167;7654.0;125633;10;36.26;13
2019;1;Neuquén;58524;21452;17135;11026;6105.0;114242;18;58.88;16
2019;1;Río Negro;88849;13615;9567;5076;3719.0;120826;16;53.57;10
2019;1;Salta;99998;22910;10861;2242;1.0;136012;10;40.1;10
2019;1;San Juan;62897;520;3;2;560.0;63982;8;31.83;6
2019;1;San Luis;74771;345;6;2;23577.0;98701;19;67.34;9
2019;1;Santa Cruz;24874;702;26;4;0.0;25606;7;23.67;6
2019;1;Santa Fe;449440;153212;74575;36502;18591.0;732320;21;66.97;13
2019;1;Santiago Del Estero;86997;3959;85;494;0.0;91535;9;37.52;6
2019;1;Tierra Del Fuego;42611;641;80;29;0.0;43361;28;93.38;6
2019;1;Tucumán;130321;26210;847;14839;0.0;172217;10;41.63;17
2018;4;Buenos Aires;1825323;577679;949093;265386;19125.0;3636606;21;64.6;17
2018;4;Capital Federal;434052;330496;437662;186810;0.0;1389020;45;108.27;23
2018;4;Catamarca;26083;5461;29;7;2003.0;33583;8;32.23;8
2018;4;Chaco;65544;18965;12393;6368;0.0;103270;9;32.59;13
2018;4;Chubut;76259;531;623;165;1144.0;78722;13;42.61;6
2018;4;Córdoba;349935;201639;128053;48809;8903.0;737339;20;65.09;16
2018;4;Corrientes;70386;15498;9688;5029;0.0;100601;9;34.57;12
2018;4;Entre Ríos;153594;29002;18146;7612;13693.0;222047;16;54.37;11
2018;4;Formosa;32431;9027;2092;1654;0.0;45204;8;29.74;10
2018;4;Jujuy;41368;4021;30;1141;43573.0;90133;12;46.53;9
2018;4;La Pampa;82137;978;1328;270;923.0;85636;24;73.49;4
2018;4;La Rioja;45546;5216;17;869;3.0;51651;13;50.35;7
2018;4;Mendoza;201427;4726;19;132;0.0;206304;11;37.76;6
2018;4;Misiones;75314;19226;16566;5167;0.0;116273;9;34.45;12
2018;4;Neuquén;58466;21452;17135;11025;6287.0;114365;18;59.07;16
2018;4;Río Negro;85664;13440;9569;5070;3094.0;116837;16;51.86;10
2018;4;Salta;98565;22910;10861;2242;0.0;134578;10;39.8;10
2018;4;San Juan;61478;312;1;1;606.0;62398;8;31.9;6
2018;4;San Luis;72513;119;62;2;23635.0;96331;19;67.55;9
2018;4;Santa Cruz;24026;206;1;4;531.0;24768;7;23.69;5
2018;4;Santa Fe;429042;152039;74432;36427;28450.0;720390;21;65.59;13
2018;4;Santiago Del Estero;84763;3686;77;483;326.0;89335;9;37.4;6
2018;4;Tierra Del Fuego;36275;9894;24;67;0.0;46260;28;93.59;7
2018;4;Tucumán;130115;26111;847;14839;92.0;172004;10;41.76;17
2018;3;Buenos Aires;1717988;636090;897964;237248;120464.0;3609754;21;64.44;17
2018;3;Capital Federal;443738;370677;415020;165055;0.0;1394490;45;108.45;22
2018;3;Catamarca;26861;5320;34;7;2151.0;34373;8;32.92;8
2018;3;Chaco;67218;20335;11085;5667;1035.0;105340;9;32.28;13
2018;3;Chubut;101276;531;623;164;0.0;102594;17;56.39;6
2018;3;Córdoba;345691;221984;109333;39854;6490.0;723352;20;64.24;15
2018;3;Corrientes;70082;16601;8357;4419;0.0;99459;9;34.25;11
2018;3;Entre Ríos;150812;31353;15111;6786;0.0;204062;15;50.22;11
2018;3;Formosa;32358;9336;1729;1434;0.0;44857;8;29.58;9
2018;3;Jujuy;40169;4066;39;623;0.0;44897;6;23.26;8
2018;3;La Pampa;80319;920;1189;216;698.0;83342;24;71.75;4
2018;3;La Rioja;46085;5425;20;339;0.0;51869;14;50.73;6
2018;3;Mendoza;203318;4727;27;129;0.0;208201;11;37.99;6
2018;3;Misiones;70161;21212;14674;4547;0.0;110594;9;32.1;12
2018;3;Neuquén;61109;23785;15218;9718;6105.0;115935;18;60.49;15
2018;3;Río Negro;82071;14912;8470;4332;3719.0;113504;16;50.54;10
2018;3;Salta;98414;25582;9224;502;0.0;133722;10;39.43;9
2018;3;San Juan;64053;312;3;1;0.0;64369;8;33.05;6
2018;3;San Luis;72276;119;63;2;1902.0;74362;15;52.35;9
2018;3;Santa Cruz;33735;206;1;3;0.0;33945;10;32.73;5
2018;3;Santa Fe;422371;162545;62479;31266;13911.0;692572;20;63.41;12
2018;3;Santiago Del Estero;81967;3806;64;265;0.0;86102;9;36.25;6
2018;3;Tierra Del Fuego;44032;231;24;13;0.0;44300;28;92.77;6
2018;3;Tucumán;130850;27062;941;12187;0.0;171040;10;41.68;15
2018;2;Buenos Aires;1837263;816056;536049;199589;113357.0;3502314;20;62.78;15
2018;2;Capital Federal;518764;445345;264805;142253;0.0;1371167;45;106.53;19
2018;2;Catamarca;23184;4347;36;6;6500.0;34073;8;32.86;8
2018;2;Chaco;61487;21887;9251;4630;1035.0;98290;8;31.25;12
2018;2;Chubut;95505;4;5;9;5010.0;100533;17;54.9;5
2018;2;Córdoba;344086;244291;78852;34950;8110.0;710289;19;63.27;14
2018;2;Corrientes;69392;17926;6780;3862;0.0;97960;9;33.81;11
2018;2;Entre Ríos;147226;34281;12012;5920;0.0;199439;15;49.2;10
2018;2;Formosa;32263;9727;1313;1243;0.0;44546;7;29.43;9
2018;2;Jujuy;41067;3977;44;7;0.0;45095;6;23.43;6
2018;2;La Pampa;79533;965;969;179;698.0;82344;23;71.04;4
2018;2;La Rioja;46270;5640;20;15;0.0;51945;14;50.98;6
2018;2;Mendoza;166789;266;17;72;33788.0;200932;10;36.97;6
2018;2;Misiones;69198;23747;11888;3866;0.0;108699;9;31.63;12
2018;2;Neuquén;61153;26417;12442;8551;6105.0;114668;18;60.24;13
2018;2;Río Negro;81286;16480;6663;3725;3975.0;112129;15;50.15;10
2018;2;Salta;99154;28431;7239;182;0.0;135006;10;39.94;9
2018;2;San Juan;59002;0;3;0;5068.0;64073;8;32.95;6
2018;2;San Luis;12161;0;7;2;9284.0;21454;4;15.15;6
2018;2;Santa Cruz;29401;100;1;3;4267.0;33772;10;33.33;5
2018;2;Santa Fe;409757;175540;50525;26512;22257.0;684591;20;62.57;12
2018;2;Santiago Del Estero;62841;3278;31;31;17589.0;83770;9;35.26;6
2018;2;Tierra Del Fuego;43323;75;0;0;107.0;43505;27;91.61;6
2018;2;Tucumán;131618;27059;1084;8784;1305.0;169850;10;41.51;14
2018;1;Buenos Aires;1814764;886678;480237;184203;105818.0;3471700;20;62.63;14
2018;1;Capital Federal;525431;487826;227953;127384;0.0;1368594;45;106.24;18
2018;1;Catamarca;23845;3539;41;4;6500.0;33929;8;32.79;8
2018;1;Chaco;60335;23296;8219;3897;1035.0;96782;8;30.83;12
2018;1;Chubut;92900;4;5;9;5010.0;97928;16;53.72;5
2018;1;Córdoba;351318;266259;57137;29228;10049.0;713991;19;63.52;13
2018;1;Corrientes;66206;19068;5890;3256;0.0;94420;9;32.66;11
2018;1;Entre Ríos;144558;37401;9818;5071;0.0;196848;15;48.68;10
2018;1;Formosa;20122;10061;1091;1046;0.0;32320;5;21.4;11
2018;1;Jujuy;40415;3925;49;4;0.0;44393;6;23.12;7
2018;1;La Pampa;77084;1076;614;98;3503.0;82375;24;71.75;4
2018;1;La Rioja;46391;5831;19;1;0.0;52242;14;51.44;6
2018;1;Mendoza;166782;266;19;72;33788.0;200927;10;37.07;6
2018;1;Misiones;63859;26223;10241;3219;0.0;103542;8;30.96;12
2018;1;Neuquén;64542;29012;9709;7378;6105.0;116746;18;61.52;12
2018;1;Río Negro;81166;17997;4972;3129;3975.0;111239;15;49.82;9
2018;1;Salta;97997;30771;5145;88;0.0;134001;10;39.78;9
2018;1;San Juan;58169;0;3;0;5068.0;63240;8;32.61;6
2018;1;San Luis;12089;0;7;2;9284.0;21382;4;15.15;6
2018;1;Santa Cruz;29401;100;1;3;4267.0;33772;10;33.55;5
2018;1;Santa Fe;405582;188900;39589;22801;23181.0;680053;20;62.28;11
2018;1;Santiago Del Estero;63163;3449;33;2;17589.0;84236;9;34.99;6
2018;1;Tierra Del Fuego;34302;0;0;0;107.0;34409;19;65.2;6
2018;1;Tucumán;131974;26405;1218;7082;1305.0;167984;10;41.18;9
2017;4;Buenos Aires;1874750;712513;335140;151747;114182.0;3188332;19;57.61;13
2017;4;Capital Federal;832783;458120;178396;114939;0.0;1584238;52;122.9;15
2017;4;Catamarca;24435;2927;43;2;2151.0;29558;7;28.62;8
2017;4;Chaco;64734;20123;7290;3289;1035.0;96471;8;30.81;12
2017;4;Chubut;93411;7;5;9;0.0;93432;16;51.46;5
2017;4;Córdoba;409431;217602;40898;24251;8429.0;700611;19;63.33;12
2017;4;Corrientes;69997;16046;5053;2675;0.0;93771;9;32.52;10
2017;4;Entre Ríos;151418;30010;7958;4113;0.0;193499;14;47.89;9
2017;4;Formosa;23258;6996;977;824;0.0;32055;5;21.27;10
2017;4;Jujuy;39996;3507;44;3;0.0;43550;6;22.74;7
2017;4;La Pampa;76319;792;391;81;3503.0;81086;23;71.05;4
2017;4;La Rioja;46357;5813;22;3;0.0;52195;14;51.57;6
2017;4;Mendoza;179766;278;29;81;0.0;180154;9;33.33;6
2017;4;Misiones;69807;22262;9091;2735;0.0;103895;8;31.14;11
2017;4;Neuquén;73129;22781;7528;6300;6105.0;115843;18;61.24;11
2017;4;Río Negro;87570;12502;3447;2440;3719.0;109678;15;49.38;8
2017;4;Salta;111037;18968;3559;84;0.0;133648;10;39.8;8
2017;4;San Juan;58618;0;2;2;0.0;58622;8;30.3;6
2017;4;San Luis;12990;0;1;7;1902.0;14900;3;10.59;6
2017;4;Santa Cruz;29874;100;1;3;0.0;29978;9;28.91;5
2017;4;Santa Fe;456178;151329;30736;19602;14119.0;671964;19;61.71;10
2017;4;Santiago Del Estero;65449;3359;32;2;0.0;68842;7;29.13;6
2017;4;Tierra Del Fuego;31652;0;0;0;0.0;31652;18;59.89;5
2017;4;Tucumán;132260;24318;1303;4367;0.0;162248;10;39.9;9
2017;3;Buenos Aires;2103119;676137;140812;108400;0.0;3028468;18;55.63;8
2017;3;Capital Federal;936307;426300;120675;91917;0.0;1575199;51;121.86;11
2017;3;Catamarca;24397;2563;50;1;0.0;27011;8;32.49;5
2017;3;Chaco;66658;20307;3827;2004;0.0;92796;8;29.98;8
2017;3;Chubut;78604;3;0;0;0.0;78607;14;46.22;3
2017;3;Córdoba;435755;189302;38131;16741;0.0;679929;19;62.31;9
2017;3;Corrientes;72743;15576;2635;1607;0.0;92561;8;32.17;7
2017;3;Entre Ríos;150215;29011;3878;2397;0.0;185501;14;45.96;7
2017;3;Formosa;23718;6056;899;459;0.0;31132;5;21.35;7
2017;3;Jujuy;40264;2962;41;2;0.0;43269;6;22.65;5
2017;3;La Pampa;74236;588;327;51;0.0;75202;23;69.14;3
2017;3;La Rioja;46294;5604;23;3;0.0;51924;14;51.47;5
2017;3;Mendoza;158703;67;29;19;0.0;158818;10;35.7;4
2017;3;Misiones;70889;23913;3843;1881;0.0;100526;8;30.21;8
2017;3;Neuquén;77059;20213;7067;4937;0.0;109276;18;60.83;8
2017;3;Río Negro;90269;10116;2965;1659;0.0;105009;15;48.52;5
2017;3;Salta;116402;14620;2315;63;0.0;133400;10;39.84;6
2017;3;San Juan;58691;0;2;2;0.0;58695;8;32.37;3
2017;3;San Luis;12398;0;1;7;0.0;12406;4;15.48;4
2017;3;Santa Cruz;29855;66;33;1;0.0;29955;10;33.29;4
2017;3;Santa Fe;461605;125339;24536;12982;0.0;624462;19;60.91;8
2017;3;Santiago Del Estero;62281;3047;30;2;0.0;65360;9;35.12;5
2017;3;Tierra Del Fuego;34164;0;0;0;0.0;34164;19;65.74;3
2017;3;Tucumán;137429;20514;1361;655;0.0;159959;10;39.7;6
2017;2;Buenos Aires;2264185;573298;93059;46178;0.0;2976720;18;56.27;7
2017;2;Capital Federal;1067412;378571;80234;37977;0.0;1564194;52;124.06;9
2017;2;Catamarca;24313;2342;47;1;0.0;26703;7;25.98;5
2017;2;Chaco;68863;18044;3157;545;0.0;90609;8;29.05;8
2017;2;Chubut;80229;0;0;0;0.0;80229;11;35.55;3
2017;2;Córdoba;486457;146683;20351;5069;0.0;658560;18;58.97;7
2017;2;Corrientes;74186;13043;2218;647;0.0;90094;8;31.39;7
2017;2;Entre Ríos;155846;23524;2604;823;0.0;182797;14;45.39;6
2017;2;Formosa;24487;4583;749;139;0.0;29958;5;19.97;6
2017;2;Jujuy;40077;2538;42;1;0.0;42658;6;22.4;5
2017;2;La Pampa;68592;336;244;21;0.0;69193;21;63.49;3
2017;2;La Rioja;14466;1796;24;2;0.0;16288;4;16.2;6
2017;2;Mendoza;177428;50;5;22;0.0;177505;9;31.76;4
2017;2;Misiones;74735;21599;2892;570;0.0;99796;8;30.09;8
2017;2;Neuquén;85058;18051;4774;1703;0.0;109586;18;61.91;7
2017;2;Río Negro;94909;7990;1921;559;0.0;105379;14;46.02;5
2017;2;Salta;96074;11333;1068;76;0.0;108551;8;32.74;6
2017;2;San Juan;58796;0;0;4;0.0;58800;7;26.96;3
2017;2;San Luis;14026;0;1;2;0.0;14029;3;9.51;4
2017;2;Santa Cruz;31666;66;33;0;0.0;31765;8;26.25;4
2017;2;Santa Fe;448372;97563;16794;4275;0.0;567004;16;52.27;7
2017;2;Santiago Del Estero;30381;2802;16;0;0.0;33199;4;14.12;5
2017;2;Tierra Del Fuego;35710;0;0;0;0.0;35710;20;68.46;3
2017;2;Tucumán;135210;17788;1371;21;0.0;154390;9;38.19;6
2017;1;Buenos Aires;2549948;523540;90937;22299;0.0;3186724;19;58.57;7
2017;1;Capital Federal;899328;277195;66536;19881;0.0;1262940;46;108.37;8
2017;1;Catamarca;24105;2161;49;0;0.0;26315;7;25.66;5
2017;1;Chaco;70037;15671;3025;314;0.0;89047;8;28.62;7
2017;1;Chubut;80150;0;0;0;0.0;80150;11;35.66;3
2017;1;Córdoba;502349;118643;19035;2071;0.0;642098;18;57.65;7
2017;1;Corrientes;74790;11468;2044;303;0.0;88605;8;30.94;6
2017;1;Entre Ríos;157285;20562;2254;317;0.0;180418;13;44.91;6
2017;1;Formosa;24992;4058;635;22;0.0;29707;5;19.84;6
2017;1;Jujuy;40853;2306;44;0;0.0;43203;6;22.76;4
2017;1;La Pampa;67711;192;165;11;0.0;68079;21;62.67;3
2017;1;La Rioja;14482;1718;22;2;0.0;16224;4;16.2;5
2017;1;Mendoza;177408;50;5;22;0.0;177485;9;31.84;4
2017;1;Misiones;75472;19356;2627;166;0.0;97621;8;29.52;7
2017;1;Neuquén;87680;15130;4223;458;0.0;107491;18;61.02;6
2017;1;Río Negro;96501;6738;1594;200;0.0;105033;14;46.03;4
2017;1;Salta;97916;9386;267;74;0.0;107643;8;32.58;5
2017;1;San Juan;58788;0;0;4;0.0;58792;7;27.04;3
2017;1;San Luis;14026;0;1;2;0.0;14029;3;9.55;4
2017;1;Santa Cruz;31765;68;30;0;0.0;31863;8;26.52;4
2017;1;Santa Fe;461999;83008;15775;1831;0.0;562613;16;51.97;6
2017;1;Santiago Del Estero;31675;2786;17;0;0.0;34478;4;14.7;5
2017;1;Tierra Del Fuego;35710;0;0;0;0.0;35710;20;68.92;3
2017;1;Tucumán;135403;15951;1383;13;0.0;152750;9;37.9;6
2016;4;Buenos Aires;2581516;467398;72348;17279;0.0;3138541;19;61.24;6
2016;4;Capital Federal;932041;264582;53506;16756;0.0;1266885;46;120.63;8
2016;4;Catamarca;24901;2077;54;0;0.0;27032;7;26.54;5
2016;4;Chaco;71131;14887;2586;250;0.0;88854;8;28.79;7
2016;4;Chubut;80197;0;0;0;0.0;80197;11;36.07;3
2016;4;Córdoba;512041;108368;15458;1606;0.0;637473;18;57.7;6
2016;4;Corrientes;75306;10908;1645;234;0.0;88093;8;30.98;6
2016;4;Entre Ríos;158720;19509;1801;280;0.0;180310;13;45.21;6
2016;4;Formosa;24997;3855;649;17;0.0;29518;5;19.85;6
2016;4;Jujuy;40449;2134;43;0;0.0;42626;6;22.65;4
2016;4;La Pampa;66867;335;132;11;0.0;67345;21;63.02;3
2016;4;La Rioja;14624;1675;13;3;0.0;16315;4;16.46;5
2016;4;Mendoza;177403;49;5;20;0.0;177477;9;32.11;4
2016;4;Misiones;76680;18371;2215;126;0.0;97392;8;29.72;7
2016;4;Neuquén;88596;14153;3073;271;0.0;106093;18;60.87;6
2016;4;Río Negro;97166;6317;1174;122;0.0;104779;14;46.39;4
2016;4;Salta;98027;8611;239;70;0.0;106947;8;32.69;5
2016;4;San Juan;58836;0;0;4;0.0;58840;7;27.29;3
2016;4;San Luis;14026;0;1;2;0.0;14029;3;9.64;4
2016;4;Santa Cruz;31923;80;10;0;0.0;32013;8;27.05;4
2016;4;Santa Fe;469191;77667;13155;1529;0.0;561542;16;52.19;6
2016;4;Santiago Del Estero;32375;2664;15;0;0.0;35054;4;15.07;5
2016;4;Tierra Del Fuego;35710;0;0;0;0.0;35710;21;70.31;3
2016;4;Tucumán;135832;14389;1400;10;0.0;151631;9;37.98;6
2016;3;Buenos Aires;2655806;399116;52900;13318;0.0;3121140;18;60.14;6
2016;3;Capital Federal;968603;240856;38341;13886;0.0;1261686;46;120.77;7
2016;3;Catamarca;25081;1853;50;0;0.0;26984;7;26.48;5
2016;3;Chaco;73431;13746;2022;217;0.0;89416;8;28.91;7
2016;3;Chubut;80705;0;0;0;0.0;80705;11;36.18;3
2016;3;Córdoba;532440;99225;11691;1322;0.0;644678;18;58.24;6
2016;3;Corrientes;76867;10006;1263;210;0.0;88346;8;31.07;6
2016;3;Entre Ríos;161934;17737;1307;248;0.0;181226;14;45.44;6
2016;3;Formosa;25545;3658;648;10;0.0;29861;5;18.64;5
2016;3;Jujuy;40532;1978;31;0;0.0;42541;6;22.61;4
2016;3;La Pampa;66368;224;114;11;0.0;66717;20;61.73;3
2016;3;La Rioja;15360;1562;11;2;0.0;16935;5;17.07;5
2016;3;Mendoza;178306;48;5;17;0.0;178376;9;32.09;4
2016;3;Misiones;79305;17043;1559;91;0.0;97998;8;29.91;7
2016;3;Neuquén;91142;12541;2118;225;0.0;106026;18;60.21;5
2016;3;Río Negro;97929;5953;790;99;0.0;104771;14;46.39;4
2016;3;Salta;99472;8099;197;50;0.0;107818;8;32.96;5
2016;3;San Juan;58830;0;0;2;0.0;58832;7;27.32;3
2016;3;San Luis;14088;0;1;2;0.0;14091;3;9.63;4
2016;3;Santa Cruz;32336;52;9;0;0.0;32397;8;26.84;4
2016;3;Santa Fe;486722;69864;10210;1308;0.0;568104;17;52.67;6
2016;3;Santiago Del Estero;34086;2497;9;0;0.0;36592;4;15.33;5
2016;3;Tierra Del Fuego;35381;0;0;0;0.0;35381;20;68.94;3
2016;3;Tucumán;136862;13150;1288;4;0.0;151304;9;37.9;6
2016;2;Buenos Aires;2730365;334723;31494;11933;0.0;3108515;18;59.34;5
2016;2;Capital Federal;1011218;213010;19597;13477;0.0;1257302;46;120.04;7
2016;2;Catamarca;25060;1496;47;1;0.0;26604;7;26.07;4
2016;2;Chaco;74429;12090;1571;201;0.0;88291;8;28.59;6
2016;2;Chubut;79846;0;0;0;0.0;79846;11;36.12;3
2016;2;Córdoba;566835;82618;8355;1242;0.0;659050;18;57.55;6
2016;2;Corrientes;77175;8851;803;191;0.0;87020;8;30.58;6
2016;2;Entre Ríos;173019;15522;849;205;0.0;189595;13;44.74;5
2016;2;Formosa;25015;3218;593;10;0.0;28836;5;19.37;5
2016;2;Jujuy;41743;1750;3;0;0.0;43496;6;21.89;4
2016;2;La Pampa;74988;119;96;11;0.0;75214;20;60.44;3
2016;2;La Rioja;15394;1344;3;5;0.0;16746;4;16.88;5
2016;2;Mendoza;177450;44;5;20;0.0;177519;9;32.13;4
2016;2;Misiones;80843;14820;1073;96;0.0;96832;8;29.24;6
2016;2;Neuquén;93044;10241;1285;208;0.0;104778;18;59.1;5
2016;2;Río Negro;99648;4877;520;86;0.0;105131;14;46.24;4
2016;2;Salta;101917;7129;140;49;0.0;109235;8;32.08;5
2016;2;San Juan;57872;0;0;4;0.0;57876;7;27.34;3
2016;2;San Luis;13947;0;1;2;0.0;13950;3;9.6;4
2016;2;Santa Cruz;32407;20;0;0;0.0;32427;8;26.73;4
2016;2;Santa Fe;520276;60469;6509;1277;0.0;588531;16;52.44;5
2016;2;Santiago Del Estero;35560;2108;1;0;0.0;37669;4;15.89;4
2016;2;Tierra Del Fuego;39075;0;0;0;0.0;39075;20;67.72;3
2016;2;Tucumán;136582;11310;1032;2;0.0;148926;9;37.24;5
2016;1;Buenos Aires;2609920;247372;8315;9529;0.0;2875136;18;57.34;5
2016;1;Capital Federal;1093709;192644;6577;10838;0.0;1303768;44;115.16;6
2016;1;Catamarca;25011;1334;42;1;0.0;26388;7;25.91;4
2016;1;Chaco;74641;10587;1238;184;0.0;86650;8;28.08;6
2016;1;Chubut;78651;0;0;0;0.0;78651;11;36.09;3
2016;1;Córdoba;539847;66455;4143;1039;0.0;611484;17;55.28;5
2016;1;Corrientes;76927;7911;526;170;0.0;85534;8;30.08;5
2016;1;Entre Ríos;159854;14057;457;165;0.0;174533;13;43.85;5
2016;1;Formosa;24861;2906;544;5;0.0;28316;5;19.04;5
2016;1;Jujuy;38672;1623;0;0;0.0;40295;5;21.41;4
2016;1;La Pampa;63623;78;71;11;0.0;63783;19;57.84;3
2016;1;La Rioja;15432;1254;2;3;0.0;16691;4;16.83;5
2016;1;Mendoza;175679;43;5;17;0.0;175744;9;32.12;4
2016;1;Misiones;78717;13363;779;68;0.0;92927;8;28.37;6
2016;1;Neuquén;90246;7893;143;171;0.0;98453;17;55.75;4
2016;1;Río Negro;97517;4246;77;81;0.0;101921;14;45.84;4
2016;1;Salta;95278;6643;119;31;0.0;102071;8;31.32;5
2016;1;San Juan;56765;0;0;2;0.0;56767;7;27.33;3
2016;1;San Luis;13657;0;1;2;0.0;13660;3;9.59;4
2016;1;Santa Cruz;32393;0;0;0;0.0;32393;8;26.87;3
2016;1;Santa Fe;495699;51293;3754;1063;0.0;551809;16;51.28;5
2016;1;Santiago Del Estero;36496;1898;0;0;0.0;38394;4;16.21;4
2016;1;Tierra Del Fuego;33304;0;0;0;0.0;33304;20;65.83;3
2016;1;Tucumán;135696;10046;871;0;0.0;146613;9;36.72;5
2015;4;Buenos Aires;2636045;240188;3835;8180;0.0;2888246;18;58.29;5
2015;4;Capital Federal;1137827;198635;3087;10899;0.0;1350450;45;118.13;6
2015;4;Catamarca;25118;1313;39;1;0.0;26471;7;26.24;4
2015;4;Chaco;75166;10092;1136;159;0.0;86553;8;28.35;6
2015;4;Chubut;78448;0;0;0;0.0;78448;11;36.89;3
2015;4;Córdoba;554354;67151;3336;1088;0.0;625929;17;57.36;5
2015;4;Corrientes;77258;7569;456;150;0.0;85433;8;30.34;5
2015;4;Entre Ríos;159961;13668;399;163;0.0;174191;13;44.11;5
2015;4;Formosa;24855;2713;519;4;0.0;28091;5;19.07;5
2015;4;Jujuy;38338;1587;0;0;0.0;39925;5;21.47;4
2015;4;La Pampa;62357;63;49;10;0.0;62479;19;58.76;3
2015;4;La Rioja;15712;1215;2;3;0.0;16932;5;17.32;5
2015;4;Mendoza;175021;41;5;13;0.0;175080;9;32.49;4
2015;4;Misiones;78438;13690;675;52;0.0;92855;8;28.69;6
2015;4;Neuquén;93921;7934;9;175;0.0;102039;17;58.29;4
2015;4;Río Negro;97018;4024;5;75;0.0;101122;14;46.44;4
2015;4;Salta;95325;6507;99;5;0.0;101936;8;31.59;5
2015;4;San Juan;56156;0;0;2;0.0;56158;7;27.66;3
2015;4;San Luis;13485;0;1;2;0.0;13488;3;9.71;4
2015;4;Santa Cruz;32555;0;0;0;0.0;32555;8;27.74;3
2015;4;Santa Fe;504678;51258;3079;1189;0.0;560204;16;52.61;5
2015;4;Santiago Del Estero;37282;1856;0;0;0.0;39138;4;17.0;4
2015;4;Tierra Del Fuego;32963;0;0;0;0.0;32963;19;66.46;3
2015;4;Tucumán;135736;9507;837;0;0.0;146080;9;37.06;5
2015;3;Buenos Aires;2645224;200491;2642;7720;0.0;2856078;18;57.69;5
2015;3;Capital Federal;1153931;175594;2028;10022;0.0;1341574;45;118.29;6
2015;3;Catamarca;25235;812;43;1;0.0;26091;7;25.86;4
2015;3;Chaco;76740;7498;979;157;0.0;85374;7;27.96;5
2015;3;Chubut;78362;0;0;0;0.0;78362;11;36.81;3
2015;3;Córdoba;559811;59372;2582;1048;0.0;622813;17;57.08;5
2015;3;Corrientes;78249;6111;453;146;0.0;84959;8;30.17;5
2015;3;Entre Ríos;162026;9924;384;153;0.0;172487;13;43.68;5
2015;3;Formosa;25528;1842;379;2;0.0;27751;5;18.84;4
2015;3;Jujuy;38584;966;0;0;0.0;39550;5;21.27;4
2015;3;La Pampa;61369;55;39;10;0.0;61473;19;57.96;3
2015;3;La Rioja;15936;832;0;3;0.0;16771;5;17.15;4
2015;3;Mendoza;173756;18;5;13;0.0;173792;9;32.49;4
2015;3;Misiones;79368;11654;559;43;0.0;91624;8;28.31;6
2015;3;Neuquén;89111;6599;2;155;0.0;95867;16;54.6;4
2015;3;Río Negro;96619;3826;1;62;0.0;100508;14;46.39;4
2015;3;Salta;96205;4318;61;5;0.0;100589;8;31.18;4
2015;3;San Juan;55363;0;0;2;0.0;55365;7;27.67;3
2015;3;San Luis;13299;0;1;2;0.0;13302;3;9.71;4
2015;3;Santa Cruz;32483;0;0;0;0.0;32483;8;27.61;3
2015;3;Santa Fe;510292;42021;2320;1133;0.0;555766;16;52.15;5
2015;3;Santiago Del Estero;38149;1249;0;0;0.0;39398;4;17.12;4
2015;3;Tierra Del Fuego;36710;0;0;0;0.0;36710;22;74.86;3
2015;3;Tucumán;137446;6232;623;0;0.0;144301;9;36.61;5
2015;2;Buenos Aires;2689111;159922;2010;6712;0.0;2857754;17;56.8;4
2015;2;Capital Federal;1192973;142976;1482;9258;0.0;1346690;44;116.07;5
2015;2;Catamarca;25047;593;37;1;0.0;25678;6;25.45;4
2015;2;Chaco;76572;6337;788;149;0.0;83846;7;27.46;5
2015;2;Chubut;62647;0;0;0;0.0;62647;11;36.58;3
2015;2;Córdoba;562561;46415;1956;903;0.0;611835;17;55.87;5
2015;2;Corrientes;77775;5039;379;126;0.0;83319;8;29.58;5
2015;2;Entre Ríos;161186;7867;354;136;0.0;169543;13;42.93;5
2015;2;Formosa;25471;1324;257;1;0.0;27053;5;18.36;4
2015;2;Jujuy;36993;730;0;0;0.0;37723;5;20.29;3
2015;2;La Pampa;60181;24;25;10;0.0;60240;19;56.71;3
2015;2;La Rioja;15865;641;0;3;0.0;16509;4;16.88;4
2015;2;Mendoza;170787;16;5;13;0.0;170821;9;32.49;4
2015;2;Misiones;78011;10072;408;33;0.0;88524;7;27.35;5
2015;2;Neuquén;87044;5168;2;110;0.0;92324;16;53.12;4
2015;2;Río Negro;95397;3240;1;51;0.0;98689;14;45.98;4
2015;2;Salta;95121;3114;29;5;0.0;98269;7;30.46;4
2015;2;San Juan;51986;0;0;2;0.0;51988;7;27.64;3
2015;2;San Luis;13217;0;1;2;0.0;13220;3;9.71;4
2015;2;Santa Cruz;25756;0;0;0;0.0;25756;8;27.07;3
2015;2;Santa Fe;510489;33894;1856;1014;0.0;547253;16;51.18;4
2015;2;Santiago Del Estero;38491;888;0;0;0.0;39379;4;17.11;4
2015;2;Tierra Del Fuego;36375;0;0;0;0.0;36375;22;74.51;3
2015;2;Tucumán;135713;4502;455;0;0.0;140670;9;35.69;4
2015;1;Buenos Aires;2620393;126958;1561;5700;0.0;2754612;17;56.37;4
2015;1;Capital Federal;1209290;114569;1195;8401;0.0;1333455;44;114.9;5
2015;1;Catamarca;24603;517;9;1;0.0;25130;6;25.11;3
2015;1;Chaco;75387;5346;489;135;0.0;81357;7;26.65;5
2015;1;Chubut;64262;0;0;0;0.0;64262;12;37.61;3
2015;1;Córdoba;557960;37443;1615;815;0.0;597833;17;54.7;4
2015;1;Corrientes;76727;4424;235;98;0.0;81484;8;28.95;5
2015;1;Entre Ríos;159099;6926;274;119;0.0;166418;13;42.07;4
2015;1;Formosa;25664;878;157;1;0.0;26700;5;18.12;3
2015;1;Jujuy;36009;603;0;0;0.0;36612;5;19.69;3
2015;1;La Pampa;59177;10;13;10;0.0;59210;18;55.51;3
2015;1;La Rioja;15798;533;0;3;0.0;16334;4;16.7;4
2015;1;Mendoza;170112;16;6;11;0.0;170145;9;32.37;4
2015;1;Misiones;76387;8543;194;26;0.0;85150;7;26.31;5
2015;1;Neuquén;85429;4067;2;76;0.0;89574;16;51.95;4
2015;1;Río Negro;94551;2632;2;42;0.0;97227;14;45.33;4
2015;1;Salta;94221;2569;15;5;0.0;96810;7;30.01;4
2015;1;San Juan;51799;0;0;2;0.0;51801;7;27.55;3
2015;1;San Luis;12738;1;0;2;0.0;12741;3;9.72;4
2015;1;Santa Cruz;26282;0;0;0;0.0;26282;8;27.99;3
2015;1;Santa Fe;506213;27597;1542;900;0.0;536252;16;50.24;4
2015;1;Santiago Del Estero;37869;748;0;0;0.0;38617;4;17.06;4
2015;1;Tierra Del Fuego;36944;0;0;0;0.0;36944;22;74.23;3
2015;1;Tucumán;134206;3722;334;0;0.0;138262;9;35.08;4
2014;4;Buenos Aires;2595228;104322;997;5406;0.0;2705954;17;56.09;4
2014;4;Capital Federal;1227314;95772;890;7997;0.0;1331972;44;114.9;5
2014;4;Catamarca;25071;421;0;1;0.0;25493;6;25.51;3
2014;4;Chaco;63334;2600;124;2;0.0;66060;6;21.87;4
2014;4;Chubut;68538;0;0;0;0.0;68538;12;40.25;3
2014;4;Córdoba;557056;30858;1177;782;0.0;589873;17;54.7;4
2014;4;Corrientes;63595;2106;0;9;0.0;65710;6;23.56;4
2014;4;Entre Ríos;137079;3584;1;66;0.0;140730;11;36.03;4
2014;4;Formosa;25687;473;47;1;0.0;26208;5;17.96;3
2014;4;Jujuy;35490;465;0;0;0.0;35955;5;19.6;3
2014;4;La Pampa;49691;5;4;10;0.0;49710;17;51.27;3
2014;4;La Rioja;16013;386;0;3;0.0;16402;4;17.01;4
2014;4;Mendoza;169580;14;5;12;0.0;169611;9;32.64;4
2014;4;Misiones;74211;2952;54;12;0.0;77229;7;24.16;4
2014;4;Neuquén;85539;3621;2;66;0.0;89228;16;52.55;4
2014;4;Río Negro;93551;2319;4;30;0.0;95904;14;45.48;4
2014;4;Salta;92041;1922;0;4;0.0;93967;7;29.53;4
2014;4;San Juan;52117;0;0;2;0.0;52119;7;28.04;3
2014;4;San Luis;13144;0;1;2;0.0;13147;3;9.79;4
2014;4;Santa Cruz;25702;1;0;0;0.0;25703;8;27.8;3
2014;4;Santa Fe;504680;21098;869;824;0.0;527471;16;50.0;4
2014;4;Santiago Del Estero;38699;602;0;0;0.0;39301;4;17.27;3
2014;4;Tierra Del Fuego;31786;0;0;0;0.0;31786;19;66.14;3
2014;4;Tucumán;134485;2733;196;0;0.0;137414;9;35.32;4
2014;3;Buenos Aires;2573759;68947;243;4232;0.0;2647181;17;56.75;4
2014;3;Capital Federal;1241171;70907;95;6626;0.0;1318799;43;113.8;4
2014;3;Catamarca;24569;111;0;0;0.0;24680;6;24.71;3
2014;3;Chaco;62491;1274;5;0;0.0;63770;6;21.11;3
2014;3;Chubut;69099;0;0;0;0.0;69099;12;40.6;3
2014;3;Córdoba;564336;18888;84;664;0.0;583972;17;54.23;4
2014;3;Corrientes;62367;1172;0;0;0.0;63539;6;22.79;3
2014;3;Entre Ríos;135438;1310;0;48;0.0;136796;10;34.98;3
2014;3;Formosa;25850;85;0;0;0.0;25935;5;17.77;3
2014;3;Jujuy;33627;82;0;0;0.0;33709;5;18.37;3
2014;3;La Pampa;54136;5;4;10;0.0;54155;18;55.78;3
2014;3;La Rioja;15852;61;0;0;0.0;15913;4;16.51;3
2014;3;Mendoza;167829;12;13;1;0.0;167855;9;32.31;4
2014;3;Misiones;73715;1606;0;1;0.0;75322;6;23.57;4
2014;3;Neuquén;84818;2865;10;27;0.0;87720;17;56.4;4
2014;3;Río Negro;95784;1944;8;9;0.0;97745;14;46.2;3
2014;3;Salta;92553;388;0;0;0.0;92941;7;29.22;3
2014;3;San Juan;51771;0;0;0;0.0;51771;7;27.85;3
2014;3;San Luis;13037;0;3;0;0.0;13040;3;9.71;4
2014;3;Santa Cruz;26068;1;0;0;0.0;26069;8;28.23;3
2014;3;Santa Fe;502400;12124;38;806;0.0;515368;15;49.2;3
2014;3;Santiago Del Estero;37398;142;0;0;0.0;37540;4;16.49;3
2014;3;Tierra Del Fuego;32698;0;0;0;0.0;32698;19;65.69;3
2014;3;Tucumán;131491;559;4;0;0.0;132054;8;33.94;3
2014;2;Buenos Aires;2598174;56549;284;4309;0.0;2659316;17;55.06;4
2014;2;Capital Federal;1247850;56004;59;6427;0.0;1310340;43;113.14;4
2014;2;Catamarca;24572;111;0;0;0.0;24683;6;24.7;3
2014;2;Chaco;62214;1085;5;0;0.0;63304;6;20.96;3
2014;2;Chubut;70514;0;0;0;0.0;70514;13;41.41;3
2014;2;Córdoba;561937;14824;76;627;0.0;577464;16;53.45;4
2014;2;Corrientes;62001;956;0;0;0.0;62957;6;22.58;3
2014;2;Entre Ríos;134289;1162;0;44;0.0;135495;10;34.69;3
2014;2;Formosa;25515;85;0;0;0.0;25600;4;17.54;3
2014;2;Jujuy;34262;82;0;0;0.0;34344;5;18.71;3
2014;2;La Pampa;47900;5;4;10;0.0;47919;16;49.71;3
2014;2;La Rioja;15851;61;0;0;0.0;15912;4;16.5;3
2014;2;Mendoza;166782;10;5;10;0.0;166807;9;32.1;4
2014;2;Misiones;73353;1334;2;0;0.0;74689;6;23.37;4
2014;2;Neuquén;83916;2289;2;30;0.0;86237;15;50.84;4
2014;2;Río Negro;94031;1569;2;8;0.0;95610;14;45.33;3
2014;2;Salta;91604;388;0;0;0.0;91992;7;28.91;3
2014;2;San Juan;51646;0;0;0;0.0;51646;7;27.78;3
2014;2;San Luis;13052;0;1;2;0.0;13055;3;9.72;4
2014;2;Santa Cruz;27166;0;0;0;0.0;27166;9;29.38;3
2014;2;Santa Fe;501210;10058;34;792;0.0;512094;15;48.39;3
2014;2;Santiago Del Estero;37854;142;0;0;0.0;37996;4;16.7;3
2014;2;Tierra Del Fuego;31546;0;0;0;0.0;31546;19;64.36;3
2014;2;Tucumán;131496;559;4;0;0.0;132059;8;33.94;3
2014;1;Buenos Aires;2581375;38923;206;4037;0.0;2624542;17;54.57;4
2014;1;Capital Federal;1256021;38798;55;6208;0.0;1301081;43;112.25;4
2014;1;Catamarca;24168;64;0;0;0.0;24232;6;24.25;3
2014;1;Chaco;61800;741;5;0;0.0;62546;6;20.72;3
2014;1;Chubut;68791;0;0;0;0.0;68791;13;41.24;3
2014;1;Córdoba;557007;9818;40;588;0.0;567453;16;52.52;3
2014;1;Corrientes;61605;630;0;0;0.0;62235;6;22.32;3
2014;1;Entre Ríos;133459;746;0;43;0.0;134248;10;34.37;3
2014;1;Formosa;25355;67;0;0;0.0;25422;4;17.42;3
2014;1;Jujuy;33747;56;0;0;0.0;33803;5;18.42;3
2014;1;La Pampa;46487;5;4;10;0.0;46506;16;48.43;3
2014;1;La Rioja;15676;35;0;0;0.0;15711;4;16.29;3
2014;1;Mendoza;166715;10;6;9;0.0;166740;9;31.91;4
2014;1;Misiones;72996;958;0;0;0.0;73954;6;23.14;3
2014;1;Neuquén;82352;1582;2;22;0.0;83958;15;49.79;4
2014;1;Río Negro;93665;1062;1;8;0.0;94736;14;44.91;3
2014;1;Salta;90983;314;0;0;0.0;91297;7;28.7;3
2014;1;San Juan;51589;0;0;0;0.0;51589;7;27.6;3
2014;1;San Luis;12554;1;0;2;0.0;12557;3;9.35;4
2014;1;Santa Cruz;26759;1;0;0;0.0;26760;9;28.94;3
2014;1;Santa Fe;498477;6845;23;668;0.0;506013;15;47.85;3
2014;1;Santiago Del Estero;37004;109;0;0;0.0;37113;4;16.31;3
2014;1;Tierra Del Fuego;31527;0;0;0;0.0;31527;19;63.97;3
2014;1;Tucumán;129667;362;3;0;0.0;130032;8;33.42;3
